URL,product_name,price_value,comment,time
https://www.zaffari.com.br/shampoo-pantene-restauracao-400ml-1027769/p,Shampoo Pantene Restauração 400ml,30.8,,2025-11-06 01:33:28.401067+00:00
https://www.zaffari.com.br/conjunto-com-6-sabonetes-em-barra-palmolive-naturals-nutricao-intensiva-karite-e-vitamina-e-85g-1069893/p,Conjunto com 6 Sabonetes em Barra Palmolive Naturals Nutrição Intensiva Karité e Vitamina E 85g,15.5,,2025-11-06 01:33:28.401067+00:00
https://www.zaffari.com.br/sabonete-em-barra-palmolive-naturals-frescor-nutritivo-tangerina-e-alecrim-150g-1109497/p,Sabonete em Barra Palmolive Naturals Frescor Nutritivo Tangerina e Alecrim 150g,4.79,,2025-11-06 01:33:28.401067+00:00
https://www.zaffari.com.br/sabonete-em-barra-palmolive-naturals-sensacao-purificante-150g-1125031/p,Sabonete em Barra Palmolive Naturals Sensação Purificante 150g,4.79,,2025-11-06 01:33:28.401067+00:00
https://www.zaffari.com.br/sabonete-em-barra-palmolive-naturals-nutricao-esfoliante-jasmim-e-manteiga-de-cacau-85g-1051647/p,Sabonete em Barra Palmolive Naturals Nutrição Esfoliante Jasmim e Manteiga de Cacau 85g,2.98,,2025-11-06 01:33:28.401067+00:00
https://www.zaffari.com.br/cafe-soluvel-cremoso-dolca-nescafe-lata-150g-1127035/p,Café Solúvel Cremoso Dolca Nescafé Lata 150g,26.98,,2025-11-06 01:33:28.401067+00:00
https://www.zaffari.com.br/cafe-soluvel-descafeinado-melitta-sache-40g-1098547/p,Café Solúvel Descafeinado Melitta sachê 40g,12.5,,2025-11-06 01:33:28.401067+00:00
https://www.zaffari.com.br/iscas-de-peito-de-frango-empanadas-congeladas-lar-700g-1058745/p,Iscas de Peito de Frango Empanadas Congeladas Lar 700g,28.9,,2025-11-06 01:33:28.401067+00:00
https://www.zaffari.com.br/hamburguer-bovino-de-costela-resfriado-zaffari-300g-2-unidades-1075020/p,Hambúrguer Bovino de Costela Resfriado Zaffari 300g 2 unidades,15.48,,2025-11-06 01:33:28.401067+00:00
https://www.zaffari.com.br/hamburguer-bovino-resfriado-zaffari-300g-1007494/p,Hambúrguer Bovino Resfriado Zaffari 300g,14.9,,2025-11-06 01:33:28.401067+00:00
https://www.zaffari.com.br/almondegas-bovinas-temperadas-zaffari-360g-1103051/p,Almôndegas Bovinas Temperadas Zaffari 360g,16.8,,2025-11-06 01:33:28.401067+00:00
https://www.zaffari.com.br/carne-moida-de-acem-bovino-zaffari-500g-1000363/p,Carne Moída de Acém Bovino Zaffari 500g,27.9,,2025-11-06 01:33:28.401067+00:00
https://www.zaffari.com.br/leite-uht-desnatado-tirol-1-litro-1031677/p,Leite UHT Desnatado Tirol 1 Litro,3.95,,2025-11-06 01:33:28.401067+00:00
https://www.zaffari.com.br/leite-uht-desnatado-parmalat-garrafa-1-litro-1057158/p,Leite UHT Desnatado Parmalat Garrafa 1 Litro,4.05,,2025-11-06 01:33:28.401067+00:00
https://www.zaffari.com.br/leite-uht-desnatado-parmalat-1-litro-1087603/p,Leite UHT Desnatado Parmalat 1 Litro,3.99,,2025-11-06 01:33:28.401067+00:00
https://www.zaffari.com.br/azeite-de-oliva-argentino-classico-d-aguirre-extravirgem-500ml-1018654/p,Azeite de Oliva Argentino Clássico d&apos;Aguirre Extravirgem 500ml,36.5,,2025-11-06 01:33:28.401067+00:00
https://www.zaffari.com.br/azeite-de-oliva-portugues-andorinha-extravirgem-500ml-1020512/p,Azeite de Oliva Português Andorinha Extravirgem 500ml,38.9,,2025-11-06 01:33:28.401067+00:00
https://www.zaffari.com.br/azeite-de-oliva-espanhol-capellini-extravirgem-500ml-1027816/p,Azeite de Oliva Espanhol Capellini Extravirgem 500ml,33.9,,2025-11-06 01:33:28.401067+00:00
https://www.zaffari.com.br/azeite-de-oliva-italiano-mercatto-extravirgem-500ml-1081284/p,Azeite de Oliva Italiano Mercatto Extravirgem 500ml,28.9,,2025-11-06 01:33:28.401067+00:00
https://www.zaffari.com.br/antisseptico-bucal-listerine-cool-mint-hortela-1-litro-embalagem-promocional-1098882/p,Antisséptico Bucal Listerine Cool Mint Hortelã 1 Litro Embalagem Promocional,25.9,,2025-11-06 01:33:28.401067+00:00
https://www.zaffari.com.br/antisseptico-bucal-listerine-cool-mint-hortela-1-litro-1098881/p,Antisséptico Bucal Listerine Cool Mint Hortelã 1 litro,25.9,,2025-11-06 01:33:28.401067+00:00
https://www.zaffari.com.br/shampoo-pantene-restauracao-400ml-1027769/p,Shampoo Pantene Restauração 400ml,30.8,,2025-11-06 12:37:51.752357+00:00
https://www.zaffari.com.br/conjunto-com-6-sabonetes-em-barra-palmolive-naturals-nutricao-intensiva-karite-e-vitamina-e-85g-1069893/p,Conjunto com 6 Sabonetes em Barra Palmolive Naturals Nutrição Intensiva Karité e Vitamina E 85g,15.5,,2025-11-06 12:37:51.752357+00:00
https://www.zaffari.com.br/sabonete-em-barra-palmolive-naturals-frescor-nutritivo-tangerina-e-alecrim-150g-1109497/p,Sabonete em Barra Palmolive Naturals Frescor Nutritivo Tangerina e Alecrim 150g,4.79,,2025-11-06 12:37:51.752357+00:00
https://www.zaffari.com.br/sabonete-em-barra-palmolive-naturals-sensacao-purificante-150g-1125031/p,Sabonete em Barra Palmolive Naturals Sensação Purificante 150g,4.79,,2025-11-06 12:37:51.752357+00:00
https://www.zaffari.com.br/sabonete-em-barra-palmolive-naturals-nutricao-esfoliante-jasmim-e-manteiga-de-cacau-85g-1051647/p,Sabonete em Barra Palmolive Naturals Nutrição Esfoliante Jasmim e Manteiga de Cacau 85g,2.98,,2025-11-06 12:37:51.752357+00:00
https://www.zaffari.com.br/cafe-soluvel-cremoso-dolca-nescafe-lata-150g-1127035/p,Café Solúvel Cremoso Dolca Nescafé Lata 150g,26.98,,2025-11-06 12:37:51.752357+00:00
https://www.zaffari.com.br/cafe-soluvel-descafeinado-melitta-sache-40g-1098547/p,Café Solúvel Descafeinado Melitta sachê 40g,12.5,,2025-11-06 12:37:51.752357+00:00
https://www.zaffari.com.br/iscas-de-peito-de-frango-empanadas-congeladas-lar-700g-1058745/p,Iscas de Peito de Frango Empanadas Congeladas Lar 700g,28.9,,2025-11-06 12:37:51.752357+00:00
https://www.zaffari.com.br/hamburguer-bovino-de-costela-resfriado-zaffari-300g-2-unidades-1075020/p,Hambúrguer Bovino de Costela Resfriado Zaffari 300g 2 unidades,15.48,,2025-11-06 12:37:51.752357+00:00
https://www.zaffari.com.br/hamburguer-bovino-resfriado-zaffari-300g-1007494/p,Hambúrguer Bovino Resfriado Zaffari 300g,14.9,,2025-11-06 12:37:51.752357+00:00
https://www.zaffari.com.br/almondegas-bovinas-temperadas-zaffari-360g-1103051/p,Almôndegas Bovinas Temperadas Zaffari 360g,16.8,,2025-11-06 12:37:51.752357+00:00
https://www.zaffari.com.br/carne-moida-de-acem-bovino-zaffari-500g-1000363/p,Carne Moída de Acém Bovino Zaffari 500g,27.9,,2025-11-06 12:37:51.752357+00:00
https://www.zaffari.com.br/leite-uht-desnatado-tirol-1-litro-1031677/p,Leite UHT Desnatado Tirol 1 Litro,3.95,,2025-11-06 12:37:51.752357+00:00
https://www.zaffari.com.br/leite-uht-desnatado-parmalat-garrafa-1-litro-1057158/p,Leite UHT Desnatado Parmalat Garrafa 1 Litro,4.05,,2025-11-06 12:37:51.752357+00:00
https://www.zaffari.com.br/leite-uht-desnatado-parmalat-1-litro-1087603/p,Leite UHT Desnatado Parmalat 1 Litro,3.99,,2025-11-06 12:37:51.752357+00:00
https://www.zaffari.com.br/azeite-de-oliva-argentino-classico-d-aguirre-extravirgem-500ml-1018654/p,Azeite de Oliva Argentino Clássico d&apos;Aguirre Extravirgem 500ml,36.5,,2025-11-06 12:37:51.752357+00:00
https://www.zaffari.com.br/azeite-de-oliva-portugues-andorinha-extravirgem-500ml-1020512/p,Azeite de Oliva Português Andorinha Extravirgem 500ml,38.9,,2025-11-06 12:37:51.752357+00:00
https://www.zaffari.com.br/azeite-de-oliva-espanhol-capellini-extravirgem-500ml-1027816/p,Azeite de Oliva Espanhol Capellini Extravirgem 500ml,33.9,,2025-11-06 12:37:51.752357+00:00
https://www.zaffari.com.br/azeite-de-oliva-italiano-mercatto-extravirgem-500ml-1081284/p,Azeite de Oliva Italiano Mercatto Extravirgem 500ml,28.9,,2025-11-06 12:37:51.752357+00:00
https://www.zaffari.com.br/antisseptico-bucal-listerine-cool-mint-hortela-1-litro-embalagem-promocional-1098882/p,Antisséptico Bucal Listerine Cool Mint Hortelã 1 Litro Embalagem Promocional,25.9,,2025-11-06 12:37:51.752357+00:00
https://www.zaffari.com.br/antisseptico-bucal-listerine-cool-mint-hortela-1-litro-1098881/p,Antisséptico Bucal Listerine Cool Mint Hortelã 1 litro,25.9,,2025-11-06 12:37:51.752357+00:00
https://www.zaffari.com.br/shampoo-pantene-restauracao-400ml-1027769/p,Shampoo Pantene Restauração 400ml,30.8,,2025-11-07 01:53:05.682016+00:00
https://www.zaffari.com.br/conjunto-com-6-sabonetes-em-barra-palmolive-naturals-nutricao-intensiva-karite-e-vitamina-e-85g-1069893/p,Conjunto com 6 Sabonetes em Barra Palmolive Naturals Nutrição Intensiva Karité e Vitamina E 85g,15.5,,2025-11-07 01:53:05.682016+00:00
https://www.zaffari.com.br/sabonete-em-barra-palmolive-naturals-frescor-nutritivo-tangerina-e-alecrim-150g-1109497/p,Sabonete em Barra Palmolive Naturals Frescor Nutritivo Tangerina e Alecrim 150g,4.79,,2025-11-07 01:53:05.682016+00:00
https://www.zaffari.com.br/sabonete-em-barra-palmolive-naturals-sensacao-purificante-150g-1125031/p,Sabonete em Barra Palmolive Naturals Sensação Purificante 150g,4.79,,2025-11-07 01:53:05.682016+00:00
https://www.zaffari.com.br/sabonete-em-barra-palmolive-naturals-nutricao-esfoliante-jasmim-e-manteiga-de-cacau-85g-1051647/p,Sabonete em Barra Palmolive Naturals Nutrição Esfoliante Jasmim e Manteiga de Cacau 85g,2.98,,2025-11-07 01:53:05.682016+00:00
https://www.zaffari.com.br/cafe-soluvel-cremoso-dolca-nescafe-lata-150g-1127035/p,Café Solúvel Cremoso Dolca Nescafé Lata 150g,26.98,,2025-11-07 01:53:05.682016+00:00
https://www.zaffari.com.br/cafe-soluvel-descafeinado-melitta-sache-40g-1098547/p,Café Solúvel Descafeinado Melitta sachê 40g,12.5,,2025-11-07 01:53:05.682016+00:00
https://www.zaffari.com.br/iscas-de-peito-de-frango-empanadas-congeladas-lar-700g-1058745/p,Iscas de Peito de Frango Empanadas Congeladas Lar 700g,28.9,,2025-11-07 01:53:05.682016+00:00
https://www.zaffari.com.br/hamburguer-bovino-de-costela-resfriado-zaffari-300g-2-unidades-1075020/p,Hambúrguer Bovino de Costela Resfriado Zaffari 300g 2 unidades,15.48,,2025-11-07 01:53:05.682016+00:00
https://www.zaffari.com.br/hamburguer-bovino-resfriado-zaffari-300g-1007494/p,Hambúrguer Bovino Resfriado Zaffari 300g,14.9,,2025-11-07 01:53:05.682016+00:00
https://www.zaffari.com.br/almondegas-bovinas-temperadas-zaffari-360g-1103051/p,Almôndegas Bovinas Temperadas Zaffari 360g,16.8,,2025-11-07 01:53:05.682016+00:00
https://www.zaffari.com.br/carne-moida-de-acem-bovino-zaffari-500g-1000363/p,Carne Moída de Acém Bovino Zaffari 500g,27.9,,2025-11-07 01:53:05.682016+00:00
https://www.zaffari.com.br/leite-uht-desnatado-tirol-1-litro-1031677/p,Leite UHT Desnatado Tirol 1 Litro,3.95,,2025-11-07 01:53:05.682016+00:00
https://www.zaffari.com.br/leite-uht-desnatado-parmalat-garrafa-1-litro-1057158/p,Leite UHT Desnatado Parmalat Garrafa 1 Litro,4.05,,2025-11-07 01:53:05.682016+00:00
https://www.zaffari.com.br/leite-uht-desnatado-parmalat-1-litro-1087603/p,Leite UHT Desnatado Parmalat 1 Litro,3.99,,2025-11-07 01:53:05.682016+00:00
https://www.zaffari.com.br/azeite-de-oliva-argentino-classico-d-aguirre-extravirgem-500ml-1018654/p,Azeite de Oliva Argentino Clássico d&apos;Aguirre Extravirgem 500ml,36.5,,2025-11-07 01:53:05.682016+00:00
https://www.zaffari.com.br/azeite-de-oliva-portugues-andorinha-extravirgem-500ml-1020512/p,Azeite de Oliva Português Andorinha Extravirgem 500ml,38.9,,2025-11-07 01:53:05.682016+00:00
https://www.zaffari.com.br/azeite-de-oliva-espanhol-capellini-extravirgem-500ml-1027816/p,Azeite de Oliva Espanhol Capellini Extravirgem 500ml,33.9,,2025-11-07 01:53:05.682016+00:00
https://www.zaffari.com.br/azeite-de-oliva-italiano-mercatto-extravirgem-500ml-1081284/p,Azeite de Oliva Italiano Mercatto Extravirgem 500ml,28.9,,2025-11-07 01:53:05.682016+00:00
https://www.zaffari.com.br/antisseptico-bucal-listerine-cool-mint-hortela-1-litro-embalagem-promocional-1098882/p,Antisséptico Bucal Listerine Cool Mint Hortelã 1 Litro Embalagem Promocional,25.9,,2025-11-07 01:53:05.682016+00:00
https://www.zaffari.com.br/antisseptico-bucal-listerine-cool-mint-hortela-1-litro-1098881/p,Antisséptico Bucal Listerine Cool Mint Hortelã 1 litro,25.9,,2025-11-07 01:53:05.682016+00:00
https://www.zaffari.com.br/shampoo-pantene-restauracao-400ml-1027769/p,Shampoo Pantene Restauração 400ml,30.8,,2025-11-07 02:02:15.321506+00:00
https://www.zaffari.com.br/conjunto-com-6-sabonetes-em-barra-palmolive-naturals-nutricao-intensiva-karite-e-vitamina-e-85g-1069893/p,Conjunto com 6 Sabonetes em Barra Palmolive Naturals Nutrição Intensiva Karité e Vitamina E 85g,15.5,,2025-11-07 02:02:15.321506+00:00
https://www.zaffari.com.br/sabonete-em-barra-palmolive-naturals-frescor-nutritivo-tangerina-e-alecrim-150g-1109497/p,Sabonete em Barra Palmolive Naturals Frescor Nutritivo Tangerina e Alecrim 150g,4.79,,2025-11-07 02:02:15.321506+00:00
https://www.zaffari.com.br/sabonete-em-barra-palmolive-naturals-sensacao-purificante-150g-1125031/p,Sabonete em Barra Palmolive Naturals Sensação Purificante 150g,4.79,,2025-11-07 02:02:15.321506+00:00
https://www.zaffari.com.br/sabonete-em-barra-palmolive-naturals-nutricao-esfoliante-jasmim-e-manteiga-de-cacau-85g-1051647/p,Sabonete em Barra Palmolive Naturals Nutrição Esfoliante Jasmim e Manteiga de Cacau 85g,2.98,,2025-11-07 02:02:15.321506+00:00
https://www.zaffari.com.br/cafe-soluvel-cremoso-dolca-nescafe-lata-150g-1127035/p,Café Solúvel Cremoso Dolca Nescafé Lata 150g,26.98,,2025-11-07 02:02:15.321506+00:00
https://www.zaffari.com.br/cafe-soluvel-descafeinado-melitta-sache-40g-1098547/p,Café Solúvel Descafeinado Melitta sachê 40g,12.5,,2025-11-07 02:02:15.321506+00:00
https://www.zaffari.com.br/iscas-de-peito-de-frango-empanadas-congeladas-lar-700g-1058745/p,Iscas de Peito de Frango Empanadas Congeladas Lar 700g,28.9,,2025-11-07 02:02:15.321506+00:00
https://www.zaffari.com.br/hamburguer-bovino-de-costela-resfriado-zaffari-300g-2-unidades-1075020/p,Hambúrguer Bovino de Costela Resfriado Zaffari 300g 2 unidades,15.48,,2025-11-07 02:02:15.321506+00:00
https://www.zaffari.com.br/hamburguer-bovino-resfriado-zaffari-300g-1007494/p,Hambúrguer Bovino Resfriado Zaffari 300g,14.9,,2025-11-07 02:02:15.321506+00:00
https://www.zaffari.com.br/almondegas-bovinas-temperadas-zaffari-360g-1103051/p,Almôndegas Bovinas Temperadas Zaffari 360g,16.8,,2025-11-07 02:02:15.321506+00:00
https://www.zaffari.com.br/carne-moida-de-acem-bovino-zaffari-500g-1000363/p,Carne Moída de Acém Bovino Zaffari 500g,27.9,,2025-11-07 02:02:15.321506+00:00
https://www.zaffari.com.br/leite-uht-desnatado-tirol-1-litro-1031677/p,Leite UHT Desnatado Tirol 1 Litro,3.95,,2025-11-07 02:02:15.321506+00:00
https://www.zaffari.com.br/leite-uht-desnatado-parmalat-garrafa-1-litro-1057158/p,Leite UHT Desnatado Parmalat Garrafa 1 Litro,4.05,,2025-11-07 02:02:15.321506+00:00
https://www.zaffari.com.br/leite-uht-desnatado-parmalat-1-litro-1087603/p,Leite UHT Desnatado Parmalat 1 Litro,3.99,,2025-11-07 02:02:15.321506+00:00
https://www.zaffari.com.br/azeite-de-oliva-argentino-classico-d-aguirre-extravirgem-500ml-1018654/p,Azeite de Oliva Argentino Clássico d&apos;Aguirre Extravirgem 500ml,36.5,,2025-11-07 02:02:15.321506+00:00
https://www.zaffari.com.br/azeite-de-oliva-portugues-andorinha-extravirgem-500ml-1020512/p,Azeite de Oliva Português Andorinha Extravirgem 500ml,38.9,,2025-11-07 02:02:15.321506+00:00
https://www.zaffari.com.br/azeite-de-oliva-espanhol-capellini-extravirgem-500ml-1027816/p,Azeite de Oliva Espanhol Capellini Extravirgem 500ml,33.9,,2025-11-07 02:02:15.321506+00:00
https://www.zaffari.com.br/azeite-de-oliva-italiano-mercatto-extravirgem-500ml-1081284/p,Azeite de Oliva Italiano Mercatto Extravirgem 500ml,28.9,,2025-11-07 02:02:15.321506+00:00
https://www.zaffari.com.br/antisseptico-bucal-listerine-cool-mint-hortela-1-litro-embalagem-promocional-1098882/p,Antisséptico Bucal Listerine Cool Mint Hortelã 1 Litro Embalagem Promocional,25.9,,2025-11-07 02:02:15.321506+00:00
https://www.zaffari.com.br/antisseptico-bucal-listerine-cool-mint-hortela-1-litro-1098881/p,Antisséptico Bucal Listerine Cool Mint Hortelã 1 litro,25.9,,2025-11-07 02:02:15.321506+00:00
https://www.zaffari.com.br/shampoo-pantene-restauracao-400ml-1027769/p,Shampoo Pantene Restauração 400ml,30.8,,2025-11-07 12:59:15.645841+00:00
https://www.zaffari.com.br/conjunto-com-6-sabonetes-em-barra-palmolive-naturals-nutricao-intensiva-karite-e-vitamina-e-85g-1069893/p,Conjunto com 6 Sabonetes em Barra Palmolive Naturals Nutrição Intensiva Karité e Vitamina E 85g,15.5,,2025-11-07 12:59:15.645841+00:00
https://www.zaffari.com.br/sabonete-em-barra-palmolive-naturals-frescor-nutritivo-tangerina-e-alecrim-150g-1109497/p,Sabonete em Barra Palmolive Naturals Frescor Nutritivo Tangerina e Alecrim 150g,4.79,,2025-11-07 12:59:15.645841+00:00
https://www.zaffari.com.br/sabonete-em-barra-palmolive-naturals-sensacao-purificante-150g-1125031/p,Sabonete em Barra Palmolive Naturals Sensação Purificante 150g,4.79,,2025-11-07 12:59:15.645841+00:00
https://www.zaffari.com.br/sabonete-em-barra-palmolive-naturals-nutricao-esfoliante-jasmim-e-manteiga-de-cacau-85g-1051647/p,Sabonete em Barra Palmolive Naturals Nutrição Esfoliante Jasmim e Manteiga de Cacau 85g,2.98,,2025-11-07 12:59:15.645841+00:00
https://www.zaffari.com.br/cafe-soluvel-cremoso-dolca-nescafe-lata-150g-1127035/p,Café Solúvel Cremoso Dolca Nescafé Lata 150g,26.98,,2025-11-07 12:59:15.645841+00:00
https://www.zaffari.com.br/cafe-soluvel-descafeinado-melitta-sache-40g-1098547/p,Café Solúvel Descafeinado Melitta sachê 40g,12.5,,2025-11-07 12:59:15.645841+00:00
https://www.zaffari.com.br/iscas-de-peito-de-frango-empanadas-congeladas-lar-700g-1058745/p,Iscas de Peito de Frango Empanadas Congeladas Lar 700g,28.9,,2025-11-07 12:59:15.645841+00:00
https://www.zaffari.com.br/hamburguer-bovino-de-costela-resfriado-zaffari-300g-2-unidades-1075020/p,Hambúrguer Bovino de Costela Resfriado Zaffari 300g 2 unidades,15.48,,2025-11-07 12:59:15.645841+00:00
https://www.zaffari.com.br/hamburguer-bovino-resfriado-zaffari-300g-1007494/p,Hambúrguer Bovino Resfriado Zaffari 300g,14.9,,2025-11-07 12:59:15.645841+00:00
https://www.zaffari.com.br/almondegas-bovinas-temperadas-zaffari-360g-1103051/p,Almôndegas Bovinas Temperadas Zaffari 360g,16.8,,2025-11-07 12:59:15.645841+00:00
https://www.zaffari.com.br/carne-moida-de-acem-bovino-zaffari-500g-1000363/p,Carne Moída de Acém Bovino Zaffari 500g,27.9,,2025-11-07 12:59:15.645841+00:00
https://www.zaffari.com.br/leite-uht-desnatado-tirol-1-litro-1031677/p,Leite UHT Desnatado Tirol 1 Litro,3.95,,2025-11-07 12:59:15.645841+00:00
https://www.zaffari.com.br/leite-uht-desnatado-parmalat-garrafa-1-litro-1057158/p,Leite UHT Desnatado Parmalat Garrafa 1 Litro,4.05,,2025-11-07 12:59:15.645841+00:00
https://www.zaffari.com.br/leite-uht-desnatado-parmalat-1-litro-1087603/p,Leite UHT Desnatado Parmalat 1 Litro,3.99,,2025-11-07 12:59:15.645841+00:00
https://www.zaffari.com.br/azeite-de-oliva-argentino-classico-d-aguirre-extravirgem-500ml-1018654/p,Azeite de Oliva Argentino Clássico d&apos;Aguirre Extravirgem 500ml,36.5,,2025-11-07 12:59:15.645841+00:00
https://www.zaffari.com.br/azeite-de-oliva-portugues-andorinha-extravirgem-500ml-1020512/p,Azeite de Oliva Português Andorinha Extravirgem 500ml,38.9,,2025-11-07 12:59:15.645841+00:00
https://www.zaffari.com.br/azeite-de-oliva-espanhol-capellini-extravirgem-500ml-1027816/p,Azeite de Oliva Espanhol Capellini Extravirgem 500ml,33.9,,2025-11-07 12:59:15.645841+00:00
https://www.zaffari.com.br/azeite-de-oliva-italiano-mercatto-extravirgem-500ml-1081284/p,Azeite de Oliva Italiano Mercatto Extravirgem 500ml,28.9,,2025-11-07 12:59:15.645841+00:00
https://www.zaffari.com.br/antisseptico-bucal-listerine-cool-mint-hortela-1-litro-embalagem-promocional-1098882/p,Antisséptico Bucal Listerine Cool Mint Hortelã 1 Litro Embalagem Promocional,25.9,,2025-11-07 12:59:15.645841+00:00
https://www.zaffari.com.br/antisseptico-bucal-listerine-cool-mint-hortela-1-litro-1098881/p,Antisséptico Bucal Listerine Cool Mint Hortelã 1 litro,25.9,,2025-11-07 12:59:15.645841+00:00
https://www.zaffari.com.br/shampoo-pantene-restauracao-400ml-1027769/p,Shampoo Pantene Restauração 400ml,30.8,,2025-11-07 18:41:20.614530+00:00
https://www.zaffari.com.br/conjunto-com-6-sabonetes-em-barra-palmolive-naturals-nutricao-intensiva-karite-e-vitamina-e-85g-1069893/p,Conjunto com 6 Sabonetes em Barra Palmolive Naturals Nutrição Intensiva Karité e Vitamina E 85g,15.5,,2025-11-07 18:41:20.614530+00:00
https://www.zaffari.com.br/sabonete-em-barra-palmolive-naturals-frescor-nutritivo-tangerina-e-alecrim-150g-1109497/p,Sabonete em Barra Palmolive Naturals Frescor Nutritivo Tangerina e Alecrim 150g,4.79,,2025-11-07 18:41:20.614530+00:00
https://www.zaffari.com.br/sabonete-em-barra-palmolive-naturals-sensacao-purificante-150g-1125031/p,Sabonete em Barra Palmolive Naturals Sensação Purificante 150g,4.79,,2025-11-07 18:41:20.614530+00:00
https://www.zaffari.com.br/sabonete-em-barra-palmolive-naturals-nutricao-esfoliante-jasmim-e-manteiga-de-cacau-85g-1051647/p,Sabonete em Barra Palmolive Naturals Nutrição Esfoliante Jasmim e Manteiga de Cacau 85g,2.98,,2025-11-07 18:41:20.614530+00:00
https://www.zaffari.com.br/cafe-soluvel-cremoso-dolca-nescafe-lata-150g-1127035/p,Café Solúvel Cremoso Dolca Nescafé Lata 150g,26.98,,2025-11-07 18:41:20.614530+00:00
https://www.zaffari.com.br/cafe-soluvel-descafeinado-melitta-sache-40g-1098547/p,Café Solúvel Descafeinado Melitta sachê 40g,12.5,,2025-11-07 18:41:20.614530+00:00
https://www.zaffari.com.br/iscas-de-peito-de-frango-empanadas-congeladas-lar-700g-1058745/p,Iscas de Peito de Frango Empanadas Congeladas Lar 700g,28.9,,2025-11-07 18:41:20.614530+00:00
https://www.zaffari.com.br/hamburguer-bovino-de-costela-resfriado-zaffari-300g-2-unidades-1075020/p,Hambúrguer Bovino de Costela Resfriado Zaffari 300g 2 unidades,15.48,,2025-11-07 18:41:20.614530+00:00
https://www.zaffari.com.br/hamburguer-bovino-resfriado-zaffari-300g-1007494/p,,,,2025-11-07 18:41:20.614530+00:00
https://www.zaffari.com.br/almondegas-bovinas-temperadas-zaffari-360g-1103051/p,Almôndegas Bovinas Temperadas Zaffari 360g,16.8,,2025-11-07 18:41:20.614530+00:00
https://www.zaffari.com.br/carne-moida-de-acem-bovino-zaffari-500g-1000363/p,Carne Moída de Acém Bovino Zaffari 500g,27.9,,2025-11-07 18:41:20.614530+00:00
https://www.zaffari.com.br/leite-uht-desnatado-tirol-1-litro-1031677/p,Leite UHT Desnatado Tirol 1 Litro,3.95,,2025-11-07 18:41:20.614530+00:00
https://www.zaffari.com.br/leite-uht-desnatado-parmalat-garrafa-1-litro-1057158/p,Leite UHT Desnatado Parmalat Garrafa 1 Litro,4.05,,2025-11-07 18:41:20.614530+00:00
https://www.zaffari.com.br/leite-uht-desnatado-parmalat-1-litro-1087603/p,Leite UHT Desnatado Parmalat 1 Litro,3.99,,2025-11-07 18:41:20.614530+00:00
https://www.zaffari.com.br/azeite-de-oliva-argentino-classico-d-aguirre-extravirgem-500ml-1018654/p,Azeite de Oliva Argentino Clássico d&apos;Aguirre Extravirgem 500ml,36.5,,2025-11-07 18:41:20.614530+00:00
https://www.zaffari.com.br/azeite-de-oliva-portugues-andorinha-extravirgem-500ml-1020512/p,Azeite de Oliva Português Andorinha Extravirgem 500ml,38.9,,2025-11-07 18:41:20.614530+00:00
https://www.zaffari.com.br/azeite-de-oliva-espanhol-capellini-extravirgem-500ml-1027816/p,Azeite de Oliva Espanhol Capellini Extravirgem 500ml,33.9,,2025-11-07 18:41:20.614530+00:00
https://www.zaffari.com.br/azeite-de-oliva-italiano-mercatto-extravirgem-500ml-1081284/p,Azeite de Oliva Italiano Mercatto Extravirgem 500ml,28.9,,2025-11-07 18:41:20.614530+00:00
https://www.zaffari.com.br/antisseptico-bucal-listerine-cool-mint-hortela-1-litro-embalagem-promocional-1098882/p,Antisséptico Bucal Listerine Cool Mint Hortelã 1 Litro Embalagem Promocional,25.9,,2025-11-07 18:41:20.614530+00:00
https://www.zaffari.com.br/antisseptico-bucal-listerine-cool-mint-hortela-1-litro-1098881/p,Antisséptico Bucal Listerine Cool Mint Hortelã 1 litro,25.9,,2025-11-07 18:41:20.614530+00:00
https://www.zaffari.com.br/shampoo-pantene-restauracao-400ml-1027769/p,Shampoo Pantene Restauração 400ml,30.8,,2025-11-08 02:01:25.077925+00:00
https://www.zaffari.com.br/conjunto-com-6-sabonetes-em-barra-palmolive-naturals-nutricao-intensiva-karite-e-vitamina-e-85g-1069893/p,Conjunto com 6 Sabonetes em Barra Palmolive Naturals Nutrição Intensiva Karité e Vitamina E 85g,15.5,,2025-11-08 02:01:25.077925+00:00
https://www.zaffari.com.br/sabonete-em-barra-palmolive-naturals-frescor-nutritivo-tangerina-e-alecrim-150g-1109497/p,Sabonete em Barra Palmolive Naturals Frescor Nutritivo Tangerina e Alecrim 150g,4.79,,2025-11-08 02:01:25.077925+00:00
https://www.zaffari.com.br/sabonete-em-barra-palmolive-naturals-sensacao-purificante-150g-1125031/p,Sabonete em Barra Palmolive Naturals Sensação Purificante 150g,4.79,,2025-11-08 02:01:25.077925+00:00
https://www.zaffari.com.br/sabonete-em-barra-palmolive-naturals-nutricao-esfoliante-jasmim-e-manteiga-de-cacau-85g-1051647/p,Sabonete em Barra Palmolive Naturals Nutrição Esfoliante Jasmim e Manteiga de Cacau 85g,2.98,,2025-11-08 02:01:25.077925+00:00
https://www.zaffari.com.br/cafe-soluvel-cremoso-dolca-nescafe-lata-150g-1127035/p,Café Solúvel Cremoso Dolca Nescafé Lata 150g,26.98,,2025-11-08 02:01:25.077925+00:00
https://www.zaffari.com.br/cafe-soluvel-descafeinado-melitta-sache-40g-1098547/p,Café Solúvel Descafeinado Melitta sachê 40g,12.5,,2025-11-08 02:01:25.077925+00:00
https://www.zaffari.com.br/iscas-de-peito-de-frango-empanadas-congeladas-lar-700g-1058745/p,Iscas de Peito de Frango Empanadas Congeladas Lar 700g,28.9,,2025-11-08 02:01:25.077925+00:00
https://www.zaffari.com.br/hamburguer-bovino-de-costela-resfriado-zaffari-300g-2-unidades-1075020/p,Hambúrguer Bovino de Costela Resfriado Zaffari 300g 2 unidades,15.48,,2025-11-08 02:01:25.077925+00:00
https://www.zaffari.com.br/hamburguer-bovino-resfriado-zaffari-300g-1007494/p,Hambúrguer Bovino Resfriado Zaffari 300g,14.9,,2025-11-08 02:01:25.077925+00:00
https://www.zaffari.com.br/almondegas-bovinas-temperadas-zaffari-360g-1103051/p,Almôndegas Bovinas Temperadas Zaffari 360g,16.8,,2025-11-08 02:01:25.077925+00:00
https://www.zaffari.com.br/carne-moida-de-acem-bovino-zaffari-500g-1000363/p,Carne Moída de Acém Bovino Zaffari 500g,27.9,,2025-11-08 02:01:25.077925+00:00
https://www.zaffari.com.br/leite-uht-desnatado-tirol-1-litro-1031677/p,Leite UHT Desnatado Tirol 1 Litro,3.95,,2025-11-08 02:01:25.077925+00:00
https://www.zaffari.com.br/leite-uht-desnatado-parmalat-garrafa-1-litro-1057158/p,Leite UHT Desnatado Parmalat Garrafa 1 Litro,4.05,,2025-11-08 02:01:25.077925+00:00
https://www.zaffari.com.br/leite-uht-desnatado-parmalat-1-litro-1087603/p,Leite UHT Desnatado Parmalat 1 Litro,3.99,,2025-11-08 02:01:25.077925+00:00
https://www.zaffari.com.br/azeite-de-oliva-argentino-classico-d-aguirre-extravirgem-500ml-1018654/p,Azeite de Oliva Argentino Clássico d&apos;Aguirre Extravirgem 500ml,36.5,,2025-11-08 02:01:25.077925+00:00
https://www.zaffari.com.br/azeite-de-oliva-portugues-andorinha-extravirgem-500ml-1020512/p,Azeite de Oliva Português Andorinha Extravirgem 500ml,38.9,,2025-11-08 02:01:25.077925+00:00
https://www.zaffari.com.br/azeite-de-oliva-espanhol-capellini-extravirgem-500ml-1027816/p,Azeite de Oliva Espanhol Capellini Extravirgem 500ml,33.9,,2025-11-08 02:01:25.077925+00:00
https://www.zaffari.com.br/azeite-de-oliva-italiano-mercatto-extravirgem-500ml-1081284/p,Azeite de Oliva Italiano Mercatto Extravirgem 500ml,28.9,,2025-11-08 02:01:25.077925+00:00
https://www.zaffari.com.br/antisseptico-bucal-listerine-cool-mint-hortela-1-litro-embalagem-promocional-1098882/p,Zaffari & Bourbon | Supermercado Online,2.99,,2025-11-08 02:01:25.077925+00:00
https://www.zaffari.com.br/antisseptico-bucal-listerine-cool-mint-hortela-1-litro-1098881/p,Antisséptico Bucal Listerine Cool Mint Hortelã 1 litro,25.9,,2025-11-08 02:01:25.077925+00:00
https://www.zaffari.com.br/shampoo-pantene-restauracao-400ml-1027769/p,Shampoo Pantene Restauração 400ml,30.8,,2025-11-08 12:53:58.287304+00:00
https://www.zaffari.com.br/conjunto-com-6-sabonetes-em-barra-palmolive-naturals-nutricao-intensiva-karite-e-vitamina-e-85g-1069893/p,Conjunto com 6 Sabonetes em Barra Palmolive Naturals Nutrição Intensiva Karité e Vitamina E 85g,15.5,,2025-11-08 12:53:58.287304+00:00
https://www.zaffari.com.br/sabonete-em-barra-palmolive-naturals-frescor-nutritivo-tangerina-e-alecrim-150g-1109497/p,Sabonete em Barra Palmolive Naturals Frescor Nutritivo Tangerina e Alecrim 150g,4.79,,2025-11-08 12:53:58.287304+00:00
https://www.zaffari.com.br/sabonete-em-barra-palmolive-naturals-sensacao-purificante-150g-1125031/p,Sabonete em Barra Palmolive Naturals Sensação Purificante 150g,4.79,,2025-11-08 12:53:58.287304+00:00
https://www.zaffari.com.br/sabonete-em-barra-palmolive-naturals-nutricao-esfoliante-jasmim-e-manteiga-de-cacau-85g-1051647/p,Sabonete em Barra Palmolive Naturals Nutrição Esfoliante Jasmim e Manteiga de Cacau 85g,2.98,,2025-11-08 12:53:58.287304+00:00
https://www.zaffari.com.br/cafe-soluvel-cremoso-dolca-nescafe-lata-150g-1127035/p,Café Solúvel Cremoso Dolca Nescafé Lata 150g,26.98,,2025-11-08 12:53:58.287304+00:00
https://www.zaffari.com.br/cafe-soluvel-descafeinado-melitta-sache-40g-1098547/p,Café Solúvel Descafeinado Melitta sachê 40g,12.5,,2025-11-08 12:53:58.287304+00:00
https://www.zaffari.com.br/iscas-de-peito-de-frango-empanadas-congeladas-lar-700g-1058745/p,Iscas de Peito de Frango Empanadas Congeladas Lar 700g,28.9,,2025-11-08 12:53:58.287304+00:00
https://www.zaffari.com.br/hamburguer-bovino-de-costela-resfriado-zaffari-300g-2-unidades-1075020/p,Hambúrguer Bovino de Costela Resfriado Zaffari 300g 2 unidades,15.48,,2025-11-08 12:53:58.287304+00:00
https://www.zaffari.com.br/hamburguer-bovino-resfriado-zaffari-300g-1007494/p,Hambúrguer Bovino Resfriado Zaffari 300g,14.9,,2025-11-08 12:53:58.287304+00:00
https://www.zaffari.com.br/almondegas-bovinas-temperadas-zaffari-360g-1103051/p,Almôndegas Bovinas Temperadas Zaffari 360g,16.8,,2025-11-08 12:53:58.287304+00:00
https://www.zaffari.com.br/carne-moida-de-acem-bovino-zaffari-500g-1000363/p,Carne Moída de Acém Bovino Zaffari 500g,27.9,,2025-11-08 12:53:58.287304+00:00
https://www.zaffari.com.br/leite-uht-desnatado-tirol-1-litro-1031677/p,Leite UHT Desnatado Tirol 1 Litro,3.95,,2025-11-08 12:53:58.287304+00:00
https://www.zaffari.com.br/leite-uht-desnatado-parmalat-garrafa-1-litro-1057158/p,Leite UHT Desnatado Parmalat Garrafa 1 Litro,4.05,,2025-11-08 12:53:58.287304+00:00
https://www.zaffari.com.br/leite-uht-desnatado-parmalat-1-litro-1087603/p,Leite UHT Desnatado Parmalat 1 Litro,3.99,,2025-11-08 12:53:58.287304+00:00
https://www.zaffari.com.br/azeite-de-oliva-argentino-classico-d-aguirre-extravirgem-500ml-1018654/p,Azeite de Oliva Argentino Clássico d&apos;Aguirre Extravirgem 500ml,36.5,,2025-11-08 12:53:58.287304+00:00
https://www.zaffari.com.br/azeite-de-oliva-portugues-andorinha-extravirgem-500ml-1020512/p,Azeite de Oliva Português Andorinha Extravirgem 500ml,38.9,,2025-11-08 12:53:58.287304+00:00
https://www.zaffari.com.br/azeite-de-oliva-espanhol-capellini-extravirgem-500ml-1027816/p,Azeite de Oliva Espanhol Capellini Extravirgem 500ml,33.9,,2025-11-08 12:53:58.287304+00:00
https://www.zaffari.com.br/azeite-de-oliva-italiano-mercatto-extravirgem-500ml-1081284/p,Azeite de Oliva Italiano Mercatto Extravirgem 500ml,28.9,,2025-11-08 12:53:58.287304+00:00
https://www.zaffari.com.br/antisseptico-bucal-listerine-cool-mint-hortela-1-litro-embalagem-promocional-1098882/p,Antisséptico Bucal Listerine Cool Mint Hortelã 1 Litro Embalagem Promocional,25.9,,2025-11-08 12:53:58.287304+00:00
https://www.zaffari.com.br/antisseptico-bucal-listerine-cool-mint-hortela-1-litro-1098881/p,Antisséptico Bucal Listerine Cool Mint Hortelã 1 litro,25.9,,2025-11-08 12:53:58.287304+00:00
